{
  "decode_ns_per_byte": {
    "json": 4.798903748210889,
    "parquet_blob": 2.1649480231502274,
    "arrow_ipc_blob": 0.004414778779602035
  }
}