{
  "total_lines": 500,
  "successful_queries": 499,
  "failed_or_skipped": 1,
  "recommended_format_counts": {
    "json": 457,
    "parquet_blob": 42
  },
  "overall_median_ratio_json_bytes_over_parquet_blob": 0.046524064171122995,
  "overall_median_ratio_json_fetch_over_recommended_fetch": 1.0,
  "by_bucket": {
    "all": {
      "count": 499,
      "median_json_bytes": 78.0,
      "median_parquet_blob_bytes": 1344.0,
      "median_json_fetch_s": 0.0050830409963964485,
      "median_parquet_blob_fetch_s": 0.005153834004886448,
      "median_recommended_fetch_s": 0.00506854199920781,
      "median_sql_exec_s": 0.0016726249959901907,
      "median_register_s": 0.0016534579990548082,
      "median_describe_s": 0.004607374998158775,
      "median_baseline_e2e_s": 0.00893050100421533,
      "median_enhanced_e2e_s": 0.013664040001458488,
      "median_ratio_json_bytes_over_parquet_blob": 0.046524064171122995,
      "p95_ratio_json_bytes_over_parquet_blob": 2.2281284606866003,
      "median_ratio_json_fetch_over_recommended_fetch": 1.0,
      "p95_ratio_json_fetch_over_recommended_fetch": 1.3846992494738821
    },
    "1-10": {
      "count": 428,
      "median_json_bytes": 57.0,
      "median_parquet_blob_bytes": 1316.0,
      "median_json_fetch_s": 0.005014521000703098,
      "median_parquet_blob_fetch_s": 0.005122104001202388,
      "median_recommended_fetch_s": 0.005014521000703098,
      "median_sql_exec_s": 0.001527021002402762,
      "median_register_s": 0.0016433335003966931,
      "median_describe_s": 0.004568979496980319,
      "median_baseline_e2e_s": 0.00857610449747881,
      "median_enhanced_e2e_s": 0.013469291498040548,
      "median_ratio_json_bytes_over_parquet_blob": 0.038955315942148676,
      "p95_ratio_json_bytes_over_parquet_blob": 0.17634854771784234,
      "median_ratio_json_fetch_over_recommended_fetch": 1.0,
      "p95_ratio_json_fetch_over_recommended_fetch": 1.0
    },
    "11-100": {
      "count": 40,
      "median_json_bytes": 1235.0,
      "median_parquet_blob_bytes": 1628.5,
      "median_json_fetch_s": 0.0055670629953965545,
      "median_parquet_blob_fetch_s": 0.005161771001439774,
      "median_recommended_fetch_s": 0.005374479002057342,
      "median_sql_exec_s": 0.0016018125024857,
      "median_register_s": 0.0016207915032282472,
      "median_describe_s": 0.004643854503228795,
      "median_baseline_e2e_s": 0.009044541497132741,
      "median_enhanced_e2e_s": 0.013328978995559737,
      "median_ratio_json_bytes_over_parquet_blob": 0.6466937967393745,
      "p95_ratio_json_bytes_over_parquet_blob": 2.440881763527054,
      "median_ratio_json_fetch_over_recommended_fetch": 1.0,
      "p95_ratio_json_fetch_over_recommended_fetch": 1.1970798173860764
    },
    "101-1000": {
      "count": 18,
      "median_json_bytes": 6120.0,
      "median_parquet_blob_bytes": 3275.0,
      "median_json_fetch_s": 0.007423812501656357,
      "median_parquet_blob_fetch_s": 0.005472312001074897,
      "median_recommended_fetch_s": 0.005472312001074897,
      "median_sql_exec_s": 0.0025122915030806325,
      "median_register_s": 0.0017698755000310484,
      "median_describe_s": 0.004749354000523454,
      "median_baseline_e2e_s": 0.02049425100631197,
      "median_enhanced_e2e_s": 0.018115938004484633,
      "median_ratio_json_bytes_over_parquet_blob": 2.239412419758342,
      "p95_ratio_json_bytes_over_parquet_blob": 9.119415807560138,
      "median_ratio_json_fetch_over_recommended_fetch": 1.4417992348860231,
      "p95_ratio_json_fetch_over_recommended_fetch": 3.3447132831260475
    },
    "1001+": {
      "count": 13,
      "median_json_bytes": 130445.0,
      "median_parquet_blob_bytes": 37746.0,
      "median_json_fetch_s": 0.05773541699454654,
      "median_parquet_blob_fetch_s": 0.006463416997576132,
      "median_recommended_fetch_s": 0.006463416997576132,
      "median_sql_exec_s": 0.019910374998289626,
      "median_register_s": 0.0022192920005181804,
      "median_describe_s": 0.008683499996550381,
      "median_baseline_e2e_s": 0.11077658399153734,
      "median_enhanced_e2e_s": 0.039671790989814326,
      "median_ratio_json_bytes_over_parquet_blob": 3.5835628609506887,
      "p95_ratio_json_bytes_over_parquet_blob": 15.860390355912743,
      "median_ratio_json_fetch_over_recommended_fetch": 9.302686465148723,
      "p95_ratio_json_fetch_over_recommended_fetch": 40.25816389773401
    }
  }
}